Crop,Precipitation,Temperature,Humidity,WindSpeed,SolarRadiation,Area,N,P,K,Yield
1,40.3,26.84,73.09,20.06,21.7,1,70.768,79.614,33.1725,4423
1,439.1,26.93,77.39,18.29,19.49,1,73.674,65.488,20.8743,4093
1,220,26.65,76.13,17.03,19.71,1,92.531,87.088,45.1769,5443
1,117.7,26.73,75.49,18.28,20.43,1,81.488,81.488,41.2533,5093
1,669,26.43,79.18,16.4,18.22,1,89.808,95.421,42.0975,5613
1,377.6,26.75,77.89,16.27,19.09,1,83.568,94.014,41.784,5223
1,348.7,26.29,77.67,16.91,18.75,1,104.814,104.814,46.584,5823
1,754.4,26.05,81.68,15.54,17.85,1,93.328,93.328,33.8314,5833
1,193.2,27.09,76.77,18.01,19.52,1,95.931,90.288,39.501,5643
1,837.8,26,80.27,16.08,17.18,1,106.768,113.441,43.3745,6673
1,517.1,26.53,80.22,15.08,18.01,1,107.831,101.488,49.4754,6343
1,588,26.92,78.85,17.02,18.32,1,112.251,105.648,36.9768,6603
1,297.3,26.16,77.18,15.22,18.99,1,130.374,115.888,42.0094,7243
1,388.5,26.48,77.35,17.39,19.11,1,123.811,123.811,57.5357,7283
1,335.9,27.35,76.58,18.68,19.85,1,108.368,115.141,57.5705,6773
1,703.6,26.54,80.92,16.37,17.42,1,122.451,122.451,40.3368,7203
1,534.8,26.47,79.35,16.74,17.97,1,125.341,125.341,58.984,7373
1,425.8,27.2,77.26,17.85,19.2,1,119.408,126.871,40.3002,7463
1,171.6,27.08,75.11,18.78,19.88,1,122.768,138.114,44.5034,7673
1,470.5,26.38,78.12,15.8,18.55,1,131.461,139.194,49.4912,7733
2,877.5,27.79,80.2,17.69,18.86,1,75.361,70.928,29.7011,4433
2,1189,27.37,82.37,15.87,17.78,1,80.154,80.154,28.4992,4453
2,1022.5,27.42,81.88,16.89,17.69,1,78.438,73.824,29.0682,4614
2,850.5,27.63,81.15,16.24,18.7,1,75.424,75.424,38.6548,4714
2,1290,27.06,83.77,15.33,16.82,1,70.688,79.524,27.8334,4418
2,1143,27.25,83.34,14.88,16.82,1,75.834,71.621,23.1715,4213
2,1170.1,26.93,83.52,15.21,17.51,1,80.223,80.223,35.3925,4719
2,1074.6,27.37,83.4,16.53,17.82,1,73.808,78.421,29.0619,4613
2,974.9,28.08,80.97,13.4,18.67,1,90.288,80.256,29.5944,5016
2,1002.5,27.1,83.35,15.84,17.73,1,98.694,98.694,46.6055,5483
2,985.9,27.27,83.05,17.84,18.02,1,95.724,95.724,36.6942,5318
2,1211.4,27.3,83.78,15.53,16.84,1,92.123,86.704,39.5587,5419
2,1002,27.73,82.12,13.74,17.86,1,93.755,99.27,31.987,5515
2,767.3,28.01,79.32,15.5,19.21,1,91.888,91.888,32.7351,5743
2,835.4,28.13,80.44,15.27,18.54,1,92.208,92.208,37.4595,5763
2,1158.6,27.42,83.65,14.83,17.13,1,89.872,95.489,38.1956,5617
2,895.1,27.52,81.92,16.62,17.76,1,98.651,98.651,43.5225,5803
2,1025.1,28.01,80.81,16.31,18.38,1,99.841,105.714,41.6983,5873
2,907.6,28.06,80.4,13.45,18.31,1,93.168,93.168,32.0265,5823
2,1091,27.57,82.41,14.96,17.95,1,106.794,100.861,37.9712,5933
3,1573.6,27.12,82.98,16.18,17.34,1,70.928,79.794,36.7939,4433
3,1962.3,26.77,84.53,15.42,16.24,1,75.701,75.701,29.8351,4453
3,1509.1,26.89,83.27,16.11,17.03,1,73.824,78.438,39.219,4614
3,1568.3,27,83.74,14.96,16.99,1,80.138,84.852,30.1696,4714
3,1801.4,26.74,84.69,15.69,16.22,1,70.688,79.524,26.508,4418
3,1822.1,26.63,84.66,14.96,15.75,1,71.621,75.834,23.1715,4213
3,1859.6,26.53,85,15.07,16.12,1,84.942,75.504,31.1454,4719
3,1543.4,26.93,84.14,16.73,16.49,1,73.808,73.808,33.2136,4613
3,2151.9,27.15,84.2,13.18,16.16,1,90.288,90.288,25.5816,5016
3,1552.1,26.94,84,16.68,16.72,1,93.211,98.694,43.864,5483
3,1735,26.82,84.57,17.72,16.38,1,90.406,90.406,31.908,5318
3,1665.4,26.87,84.29,15.74,16.27,1,92.123,97.542,35.2235,5419
3,1716.6,27.14,84.19,14.62,16.69,1,93.755,88.24,44.6715,5515
3,1601.2,27.42,82.48,15.55,17.43,1,97.631,97.631,48.8155,5743
3,1725.5,27.28,84.2,16.09,15.83,1,92.208,97.971,48.9855,5763
3,1870.6,27.06,84.7,14.57,15.81,1,95.489,95.489,46.0594,5617
3,1658.9,27.13,83.52,15.78,16.57,1,98.651,104.454,42.3619,5803
3,1515.3,27.35,83.1,16.07,17.3,1,99.841,93.968,34.6507,5873
3,1697.6,27.37,82.94,13.39,16.45,1,104.814,98.991,39.0141,5823
3,2035.4,27.09,84.14,15.45,16.04,1,94.928,100.861,39.7511,5933
1,25.9,26.8,72.89,21.36,22.02,2,90.954,85.901,37.3922,5053
1,394.6,26.76,78.48,19.35,19.55,2,81.808,81.808,38.8588,5113
1,176.5,26.54,76.89,18.21,19.67,2,83.888,83.888,26.215,5243
1,102.2,26.66,75.75,19.45,20.52,2,99.594,94.061,35.4112,5533
1,547.9,26.25,80.67,17.4,18.18,2,86.128,86.128,45.2172,5383
1,310.8,26.61,78.92,17.61,19.19,2,80.208,85.221,38.6001,5013
1,326.6,26.17,78.52,17.76,18.76,2,106.434,100.521,30.1563,5913
1,615.3,25.9,83.22,16.09,17.72,2,105.534,105.534,35.7643,5863
1,189.6,26.96,77.49,19.1,19.59,2,106.301,106.301,49.3987,6253
1,717.2,25.85,81.6,16.79,17.16,2,102.288,102.288,46.0296,6393
1,524.3,26.41,81.41,16.01,18.04,2,104.848,104.848,55.7005,6553
1,515.1,26.82,79.63,18.26,18.42,2,112.251,118.854,44.2401,6603
1,249.1,26.04,78.39,16.13,18.84,2,122.454,108.848,34.015,6803
1,284.4,26.35,78.34,18.47,19.21,2,116.501,109.648,45.9151,6853
1,259.6,27.25,77.12,19.82,19.97,2,99.888,112.374,48.0711,6243
1,632.6,26.36,82.43,17.17,17.41,2,103.248,116.154,34.8462,6453
1,459.8,26.38,80.1,17.73,18.07,2,116.334,116.334,38.778,6463
1,368.6,27.03,78.43,19.23,19.23,2,104.368,104.368,46.9656,6523
1,139.7,26.97,75.58,19.64,20.02,2,110.211,110.211,53.1606,6483
1,405.6,26.24,79.57,16.65,18.49,2,108.688,115.481,45.5131,6793
2,750.9,27.58,81.56,18.41,18.77,2,81.594,77.061,35.8107,4533
2,1223.7,27.13,84.22,16.42,17.74,2,70.928,75.361,23.9382,4433
2,993.1,27.2,83.52,17.76,17.68,2,74.928,74.928,23.8833,4683
2,835.4,27.42,82.68,17.05,18.67,2,84.201,89.154,37.1475,4953
2,1187.3,26.82,85.65,16.27,16.86,2,84.834,75.408,33.9336,4713
2,1163.1,27.02,85.32,15.77,16.85,2,85.561,90.594,25.6683,5033
2,1236.3,26.66,85.7,15.95,17.39,2,81.808,81.808,29.1441,5113
2,1070.8,27.07,85.6,16.99,17.58,2,80.688,90.774,41.3526,5043
2,992,27.97,82.34,14.44,18.9,2,95.274,84.688,28.0529,5293
2,1077.3,26.87,85.24,16.45,17.74,2,100.181,106.074,46.5547,5893
2,994.6,27,84.92,18.57,17.94,2,103.071,103.071,38.8032,6063
2,1229.7,27.03,85.96,16.07,16.73,2,89.968,95.591,28.115,5623
2,1055.5,27.5,83.98,14.64,18.04,2,95.888,107.874,31.7629,5993
2,738.6,27.87,80.6,16.55,19.23,2,95.761,95.761,31.5448,5633
2,854.5,27.94,82.04,15.93,18.52,2,90.288,101.574,36.1152,5643
2,1140.2,27.15,85.73,15.54,17.15,2,95.761,101.394,36.6145,5633
2,892.7,27.29,83.58,17.47,17.63,2,95.421,101.034,30.8715,5613
2,1002.3,27.73,82.78,17.25,18.23,2,89.808,101.034,34.2393,5613
2,945.5,27.89,82.22,14.47,18.41,2,94.374,83.888,42.9926,5243
2,1019.1,27.3,84.68,15.67,17.91,2,92.048,97.801,39.1204,5753
3,1452.1,26.85,85.02,16.6,17.09,2,67.554,63.801,23.6439,3753
3,2014.5,26.49,86.73,15.88,16.13,2,65.034,65.034,26.3749,3613
3,1478.4,26.62,85.35,16.85,17,2,65.934,62.271,26.7399,3663
3,1562.5,26.71,86.02,15.48,16.75,2,67.914,60.368,30.5613,3773
3,1715.5,26.48,86.72,16.44,16.19,2,70.074,66.181,30.7547,3893
3,1783.5,26.35,86.97,15.51,15.7,2,61.328,68.994,30.2807,3833
3,1885.6,26.22,87.42,15.58,15.92,2,76.914,76.914,31.1929,4273
3,1609,26.6,86.49,17.08,16.29,2,77.994,77.994,29.8977,4333
3,2153.2,26.96,86.27,13.69,16.28,2,72.848,81.954,24.5862,4553
3,1666.9,26.66,86.15,17.17,16.61,2,74.681,74.681,29.4331,4393
3,1671.5,26.55,86.49,18.28,16.27,2,81.481,81.481,33.551,4793
3,1628.1,26.59,86.6,16.06,16.1,2,80.528,85.561,35.7343,5033
3,1657.9,26.86,86.43,15.28,16.8,2,90.234,90.234,26.0676,5013
3,1544.6,27.22,84.24,16.33,17.38,2,91.854,86.751,27.5562,5103
3,1773.3,27.02,86.29,16.35,15.77,2,78.128,87.894,31.2512,4883
3,1828.9,26.77,87.07,15.07,15.74,2,87.091,81.968,30.2257,5123
3,1546.1,26.83,85.83,16.63,16.34,2,92.394,87.261,27.2049,5133
3,1454.8,27.06,85.23,16.82,17.1,2,80.208,85.221,38.0988,5013
3,1748.6,27.14,85.31,14,16.46,2,92.214,92.214,38.4225,5123
3,1891.7,26.78,86.64,16.03,15.82,2,80.848,85.901,34.8657,5053
1,167.4,26.92,73.21,15.29,19.25,3,104.261,110.394,46.6108,6133
1,138.1,27.05,72.06,16.52,20.06,3,102.288,108.681,46.0296,6393
1,612.7,26.34,78.57,14.98,17.73,3,105.621,111.834,45.3549,6213
1,398.6,26.67,76.95,15.11,18.87,3,89.641,89.641,39.5475,5273
1,365.3,26.5,75.07,15.18,18.39,3,104.771,110.934,39.4432,6163
1,669,25.83,81.29,14.58,17.57,3,107.151,107.151,52.3149,6303
1,190.9,27.29,74.02,16.36,19.11,3,104.208,104.208,55.3605,6513
1,820,25.75,81.08,14.04,16.86,3,113.951,107.248,56.9755,6703
1,605.6,26.38,79.99,13.92,17.65,3,120.921,120.921,56.1927,7113
1,562.3,26.95,77.47,15.44,18.08,3,128.034,113.808,36.9876,7113
1,371.1,26.09,76.03,13.96,18.52,3,127.891,120.368,41.3765,7523
1,347.4,26.57,75.49,15.72,18.72,3,131.461,131.461,58.7708,7733
1,262.1,27.59,73.51,16.91,19.57,3,126.054,126.054,38.5165,7003
1,811.2,26.26,82.22,14.72,17.06,3,122.814,115.991,36.1619,6823
1,538.4,26.31,79.42,14.92,17.48,3,131.634,124.321,56.3101,7313
1,396.4,27.24,75.72,16.64,18.85,3,132.174,117.488,55.0725,7343
1,189.3,27.13,73.19,16.54,19.35,3,122.608,122.608,46.7443,7663
1,415.1,26.34,76.91,14.56,18.17,3,125.168,140.814,39.115,7823
2,1023.1,27.22,82.93,17.36,17.26,3,69.714,65.841,22.8507,3873
2,1000.3,27.36,82.54,16.75,18.03,3,67.031,67.031,20.5036,3943
2,1335.6,26.58,86.23,16.13,16.37,3,68.094,64.311,23.8329,3783
2,1221.6,26.89,85.33,15.45,16.39,3,69.241,73.314,31.7694,4073
2,1282.4,26.58,85.53,15.94,17.02,3,68.208,68.208,34.5303,4263
2,1059.7,26.97,85.55,16.94,17.19,3,74.171,78.534,23.9965,4363
2,1080.5,27.91,81.79,13.97,18.31,3,68.688,68.688,33.4854,4293
2,1182.7,26.7,85.75,16.22,17.23,3,70.608,79.434,35.304,4413
2,1022.6,26.84,85.28,18.74,17.37,3,82.674,73.488,33.0696,4593
2,1355.6,26.85,86.34,16.03,16.35,3,80.291,80.291,24.0873,4723
2,1206.6,27.26,84.75,14.45,17.55,3,77.968,87.714,32.6491,4873
2,849.9,27.85,79.91,16.11,18.48,3,95.634,85.008,37.7223,5313
2,950.5,28.03,80.65,15.6,17.98,3,88.048,93.551,30.8168,5503
2,1313.9,26.91,86.45,15.48,16.5,3,102.114,102.114,39.711,5673
2,1058.3,27.16,83.69,17.02,17.09,3,92.848,104.454,37.7195,5803
2,1123,27.62,82.99,16.89,17.78,3,104.634,98.821,29.6463,5813
2,1067.1,27.78,81.83,13.62,17.86,3,92.848,92.848,44.1028,5803
2,1124.1,27.12,85.03,15.57,17.47,3,96.048,108.054,38.4192,6003
1,18.7,27.39,65.52,16.53,21.6,4,101.808,114.534,36.9054,6363
1,340.1,27.02,73.87,15.54,19.43,4,103.921,103.921,41.5684,6113
1,179.3,26.83,71.29,14.32,19.55,4,122.454,115.651,45.5801,6803
1,111.8,26.99,70.5,15.38,20.34,4,118.541,111.568,47.4164,6973
1,531,26.35,77.7,14.19,17.9,4,120.474,120.474,52.2054,6693
1,346.7,26.74,75.11,14.4,19.2,4,115.651,115.651,53.0634,6803
1,344,26.44,74.1,14.17,18.65,4,116.501,109.648,55.5093,6853
1,614.4,25.96,78.88,14.26,17.97,4,107.728,121.194,44.4378,6733
1,214,27.16,72.95,15.45,19.25,4,120.071,127.134,49.441,7063
1,722.9,25.82,80,13.08,17.22,4,128.934,114.608,58.7366,7163
1,531.8,26.44,78.69,13.37,17.93,4,116.688,123.981,47.4045,7293
1,490.1,27,76.21,14.48,18.39,4,123.131,130.374,37.6636,7243
1,304,26.15,74.59,13.35,18.89,4,132.174,124.831,46.2609,7343
1,314.4,26.52,74.08,14.74,18.95,4,133.074,133.074,36.965,7393
1,250.8,27.52,72.22,15.85,19.78,4,127.854,113.648,54.6931,7103
1,789.4,26.33,82.15,13.93,17.35,4,110.891,110.891,46.9656,6523
1,507.1,26.41,78.79,13.98,17.69,4,128.934,114.608,43.6943,7163
1,359.6,27.21,75.09,15.79,18.99,4,111.408,125.334,57.7929,6963
1,156.7,27.12,72.99,15.25,19.46,4,115.568,130.014,44.0603,7223
1,382.5,26.34,75.36,14.01,18.52,4,119.248,126.701,61.8599,7453
2,689.2,27.83,78.74,18.53,18.7,4,65.671,65.671,29.7451,3863
2,1063.6,27.23,81.62,16.79,17.74,4,65.161,68.994,32.5805,3833
2,938.1,27.25,81.8,17.89,17.58,4,65.488,65.488,29.0603,4093
2,902.3,27.41,81.26,17.36,18.26,4,67.248,75.654,34.4646,4203
2,1153.1,26.72,85.22,16.78,16.76,4,65.488,69.581,22.5115,4093
2,1103.1,27,84.54,15.94,16.72,4,78.534,74.171,36.6492,4363
2,1148.1,26.64,84.69,16.58,17.38,4,81.234,81.234,24.8215,4513
2,974.9,27,84.54,17.53,17.37,4,71.728,71.728,30.9327,4483
2,909.7,28.01,81.19,14.45,18.55,4,79.951,75.248,37.1537,4703
2,1036.8,26.76,85,16.72,17.6,4,86.634,86.634,34.6536,4813
2,915.7,26.88,84.48,19.57,17.59,4,82.331,82.331,30.0266,4843
2,1233.5,26.94,85.45,16.67,16.7,4,78.928,88.794,37.9841,4933
2,1067.2,27.37,83.84,15.2,17.88,4,85.051,85.051,25.015,5003
2,699.3,27.97,78.99,16.63,18.68,4,91.314,91.314,39.0621,5073
2,833.8,28.01,79.77,16.14,18.13,4,91.854,86.751,40.3137,5103
2,1142.9,26.97,86.06,16.12,16.74,4,96.714,85.968,34.9245,5373
2,940.9,27.23,83.26,17.55,17.29,4,97.254,91.851,27.5553,5403
2,989.3,27.66,82.45,17.54,17.94,4,94.741,100.314,30.0942,5573
2,965.5,27.84,81.85,13.77,18.28,4,91.408,91.408,39.991,5713
2,1035.6,27.18,84.34,16.17,17.76,4,92.528,98.311,37.0112,5783
1,101.5,26.88,76.34,14.35,23.37,5,84.848,95.454,41.3634,5303
1,393.6,27.51,76.42,16.45,21.57,5,84.208,89.471,38.4199,5263
1,216.2,27.2,75.68,15.49,21.73,5,96.611,102.294,40.9176,5683
1,186.3,27.21,75.26,15.59,22.19,5,101.881,101.881,41.3517,5993
1,493.9,27.05,77.66,16.54,20.28,5,101.201,101.201,33.3368,5953
1,372.3,27.25,76.69,15.05,21.14,5,106.794,106.794,35.598,5933
1,453.6,26.94,76.34,16.24,20.63,5,114.121,114.121,34.9076,6713
1,523.4,26.9,77.16,19.62,20.15,5,113.951,120.654,52.2834,6703
1,242.7,27.52,76.64,15.67,21.43,5,106.608,113.271,35.3139,6663
1,471,26.78,76.86,17.01,19.46,5,125.154,111.248,43.1086,6953
1,495.4,27.29,77.16,16.34,19.93,5,120.071,120.071,45.9095,7063
1,500,27.5,77.71,14.97,20.26,5,110.608,110.608,54.6127,6913
1,308.6,26.74,75.08,16.37,21.28,5,115.568,115.568,60.6732,7223
1,366.7,27.01,76.35,16.87,21.17,5,115.888,123.131,43.458,7243
1,270.2,27.73,76.87,16.85,21.68,5,98.448,104.601,36.918,6153
1,750.8,27.34,78.29,18.05,19.66,5,96.368,108.414,50.5932,6023
1,582.5,27.01,77.88,16.46,20.16,5,127.314,113.168,39.6088,7073
1,418.7,27.67,77.09,16.6,20.72,5,110.128,110.128,36.4799,6883
1,247.2,27.47,75.89,15.91,21.76,5,117.168,131.814,51.261,7323
1,371.5,27.07,75.94,16.66,20.68,5,137.214,121.968,44.2134,7623
2,1398.5,27.92,81.53,22.97,19.69,5,63.408,63.408,32.4966,3963
2,1511.9,27.78,81.9,21.5,19.11,5,63.291,67.014,23.8272,3723
2,1635.8,27.69,82.4,22.93,18.76,5,67.088,67.088,20.965,4193
2,1444.3,27.73,82.44,21.38,19.32,5,77.094,68.528,34.264,4283
2,1870.9,27.48,82.92,21.24,18.15,5,58.928,58.928,21.3614,3683
2,1708.2,27.67,82.58,20.01,18.22,5,73.968,83.214,36.5217,4623
2,1559.4,27.33,82.78,20.72,19.01,5,81.651,81.651,34.1013,4803
2,1381.5,27.68,83.03,22.68,19.27,5,78.421,83.034,35.0588,4613
2,1189.5,28.14,81.89,17.43,20.22,5,73.808,83.034,35.0588,4613
2,1235.8,27.44,82.85,21.2,19.43,5,89.874,84.881,40.4433,4993
2,1264.2,27.58,82.78,24.67,19.45,5,95.274,84.688,32.8166,5293
2,1674.7,27.7,82.82,22.09,17.89,5,94.194,88.961,43.9572,5233
2,1056.1,27.96,81.91,18.94,19.32,5,95.634,85.008,44.0979,5313
2,1000.7,27.99,81.27,20.29,20.32,5,85.648,85.648,39.6122,5353
2,1172.2,28.19,81.73,20.29,19.66,5,87.088,87.088,44.0883,5443
2,1778.6,27.81,82.77,20.78,18.22,5,92.871,98.334,30.0465,5463
2,1622.5,27.7,82.35,21.73,18.94,5,87.261,87.261,28.7448,5133
2,1345.1,28.2,81.79,22.18,19.28,5,91.511,96.894,45.7555,5383
2,1160.2,28.21,80.95,16.54,20.08,5,89.328,100.494,31.8231,5583
2,1353.5,27.92,81.79,20.33,19.52,5,100.674,100.674,32.4394,5593
3,2191.6,27.56,82.11,22.94,18.77,5,39.728,39.728,17.6293,2483
3,2534,27.32,82.72,21.5,17.89,5,52.794,49.861,22.2908,2933
3,2152.1,27.37,81.89,20.9,18.35,5,56.208,59.721,21.078,3513
3,2144.3,27.41,82.69,21.08,18.14,5,59.891,56.368,24.3087,3523
3,2574.4,27.28,82.88,21.09,17.62,5,54.234,48.208,19.5845,3013
3,2625.2,27.25,82.45,21.44,17.21,5,61.254,61.254,28.9255,3403
3,2295.5,27.09,83.05,22.05,17.89,5,66.861,70.794,20.4516,3933
3,2256.9,27.41,82.71,23.43,17.75,5,68.814,61.168,32.1132,3823
3,2133.4,27.57,82.38,19.2,18.18,5,68.634,61.008,24.0219,3813
3,1892.4,27.34,82.94,22.75,18.39,5,63.121,66.834,29.704,3713
3,2168.9,27.26,83.34,23.64,18.2,5,68.368,68.368,35.0386,4273
3,2163.5,27.32,82.77,22.06,17.52,5,77.274,72.981,22.7529,4293
3,1656.9,27.61,82.18,19.7,18.45,5,76.381,71.888,31.0017,4493
3,1715.6,27.7,82.28,20.69,18.91,5,72.048,76.551,33.7725,4503
3,2292.6,27.58,83.48,22.07,17.26,5,32.274,32.274,10.0408,1793
3,2546.8,27.6,82.76,20.92,17.22,5,51.894,49.011,16.4331,2883
3,2421.7,27.51,82.46,21.04,17.86,5,72.848,72.848,23.2203,4553
3,1978.7,27.76,81.81,21.28,18.63,5,89.694,84.711,35.3793,4983
3,2169.5,27.79,81.63,18.24,18.02,5,87.431,82.288,39.0868,5143
3,2264.7,27.64,82.32,21.71,17.54,5,81.954,72.848,30.5051,4553
1,20,27.18,72.17,20.55,22.28,6,87.771,87.771,37.6899,5163
1,358.4,26.82,78.14,18.47,19.84,6,85.008,95.634,31.3467,5313
1,218,26.56,76.84,17.2,19.89,6,85.168,85.168,40.4548,5323
1,109,26.73,75.06,18.49,20.82,6,95.421,95.421,35.9232,5613
1,584.2,26.27,80.82,16.34,18.34,6,86.921,92.034,36.8136,5113
1,331.8,26.65,78.72,16.79,19.51,6,78.761,78.761,36.6007,4633
1,354.1,26.23,78.41,16.78,18.98,6,98.694,93.211,37.8327,5483
1,690.7,26,82.97,15.16,17.92,6,84.848,84.848,29.1665,5303
1,198.1,26.97,77.26,18.26,19.83,6,93.328,104.994,43.7475,5833
1,744.2,25.88,81.8,15.69,17.41,6,80.631,85.374,24.6636,4743
1,565,26.5,81.06,15.21,18.27,6,99.728,112.194,43.0077,6233
1,441.4,26.91,79.24,17.56,18.72,6,102.561,108.594,45.2475,6033
1,279.5,26.12,78.1,15.28,19.08,6,121.014,114.291,43.0272,6723
1,287.4,26.42,77.97,17.51,19.51,6,122.634,115.821,37.4715,6813
1,226.9,27.31,76.65,18.88,20.26,6,68.731,72.774,21.8322,4043
1,762.5,26.41,82.59,16.23,17.69,6,106.254,106.254,36.5986,5903
1,442.5,26.47,79.77,16.75,18.35,6,120.834,107.408,57.0605,6713
1,423.1,27.07,78.26,18.54,19.39,6,112.591,112.591,49.0102,6623
1,143.9,26.99,75.5,18.61,20.27,6,56.688,60.231,26.2182,3543
1,446.7,26.28,79.65,15.79,18.73,6,115.434,102.608,39.1193,6413
2,823.1,27.62,81.42,18.1,19.08,6,65.168,65.168,21.5869,4073
2,1256.1,27.18,84.33,16.02,18.11,6,71.281,67.088,25.158,4193
2,1135.8,27.18,84.04,17.47,17.97,6,70.941,75.114,33.8013,4173
2,1024.2,27.4,83.01,16.72,19,6,64.208,68.221,24.078,4013
2,1387,26.82,85.97,16.11,17.25,6,70.261,66.128,22.7315,4133
2,1336,27,85.77,15.45,17.13,6,80.631,85.374,27.5094,4743
2,1312,26.66,86.18,15.77,17.62,6,86.094,86.094,25.3499,4783
2,1228.3,27.06,86.08,16.65,17.64,6,77.008,77.008,29.8406,4813
2,1126.3,27.95,82.61,14.18,19.21,6,79.271,74.608,35.4388,4663
2,1185.5,26.86,85.64,16.19,18.14,6,90.661,90.661,39.4642,5333
2,1167.4,26.98,85.42,18.36,18.18,6,97.614,86.768,45.0109,5423
2,1356.3,27.05,86.36,15.86,16.99,6,88.111,88.111,30.5797,5183
2,1230.3,27.5,84.14,14.51,18.35,6,81.168,81.168,30.438,5073
2,853.1,27.92,80.62,16.27,19.54,6,83.728,83.728,30.3514,5233
2,1020,27.9,82.43,15.54,18.7,6,86.274,86.274,25.4029,4793
2,1343.8,27.14,86.19,15.25,17.48,6,88.254,88.254,29.9083,4903
2,1104.5,27.25,84.08,17.27,17.82,6,89.301,94.554,39.3975,5253
2,1099.7,27.7,83.33,16.88,18.37,6,88.111,82.928,30.5797,5183
2,1098.2,27.91,82.41,14.1,18.89,6,85.561,90.594,33.7211,5033
2,1095.8,27.32,84.87,15.62,18.21,6,82.288,82.288,29.3151,5143
3,1536.9,26.88,85.19,16.15,17.37,6,70.794,70.794,25.9578,3933
3,2231.4,26.49,87.22,15.29,16.47,6,70.601,70.601,32.3934,4153
3,1639.9,26.64,85.75,16.31,17.35,6,73.134,69.071,23.5654,4063
3,1781,26.7,86.56,15.02,17.06,6,66.128,70.261,33.8906,4133
3,1918.6,26.5,87.09,16.09,16.63,6,77.454,77.454,23.6665,4303
3,2058.8,26.32,87.64,15.13,15.96,6,57.511,57.511,16.915,3383
3,2049.1,26.22,88.11,15.19,16.16,6,70.128,78.894,22.7916,4383
3,1764.5,26.58,87.14,16.56,16.42,6,73.854,73.854,25.8489,4103
3,2252.4,26.96,86.76,13.18,16.68,6,75.088,79.781,25.3422,4693
3,1846.7,26.64,86.81,16.6,16.96,6,85.914,81.141,24.3423,4773
3,1862.8,26.55,87.01,17.9,16.59,6,88.111,82.928,41.464,5183
3,1893.4,26.56,87.29,15.51,16.37,6,87.941,82.768,31.5553,5173
3,1887.6,26.86,86.87,14.88,17.13,6,85.008,85.008,39.8475,5313
3,1664.5,27.29,84.42,15.88,17.79,6,72.641,68.368,33.3294,4273
3,2057,27,86.88,15.78,16.05,6,80.334,75.871,28.5632,4463
3,2018.6,26.77,87.68,14.61,16.06,6,75.871,71.408,28.1169,4463
3,1908.6,26.79,86.54,16.33,16.51,6,69.648,74.001,36.1299,4353
3,1571.6,27.04,85.76,16.31,17.32,6,77.401,77.401,24.1309,4553
3,1918.5,27.14,85.81,13.47,16.93,6,68.094,60.528,20.0499,3783
3,2169.3,26.78,87.23,15.7,16.07,6,80.048,85.051,38.0228,5003
1,18.7,27.72,65.52,17.65,21.68,7,107.334,95.408,34.5854,5963
1,344.8,27,73.87,16.23,19.41,7,104.454,104.454,39.4604,5803
1,188.3,26.81,71.29,14.91,19.47,7,94.608,100.521,50.2605,5913
1,101.2,27.02,70.5,16.12,20.35,7,104.941,104.941,48.1494,6173
1,522.6,26.38,77.7,14.48,17.82,7,109.854,97.648,43.3313,6103
1,307,26.78,75.12,14.94,19.16,7,97.808,97.808,31.7876,6113
1,303.4,26.45,74.1,14.64,18.61,7,113.814,107.491,31.615,6323
1,599.9,26.02,78.88,14.1,17.75,7,113.814,107.491,37.3057,6323
1,184.8,27.17,72.96,16.13,19.3,7,108.528,108.528,47.481,6783
1,689.8,25.86,80,13.4,17.14,7,112.421,112.421,56.2105,6613
1,478.2,26.51,78.69,13.66,17.86,7,109.008,122.634,43.6032,6813
1,444.3,27.07,76.21,15.23,18.35,7,119.754,113.101,35.2609,6653
1,287.1,26.19,74.59,13.64,18.78,7,113.488,127.674,57.4533,7093
1,274.9,26.56,74.09,15.38,18.97,7,114.608,128.934,41.5454,7163
1,210.6,27.55,72.22,16.54,19.83,7,114.894,102.128,38.298,6383
1,755.5,26.38,82.15,14.26,17.3,7,108.054,102.051,37.8189,6003
1,441.1,26.51,78.79,14.43,17.71,7,119.214,119.214,49.6725,6623
1,386.3,27.2,75.1,16.58,18.97,7,106.471,100.208,50.104,6263
1,136.8,27.14,72.99,16.01,19.55,7,110.128,117.011,40.6097,6883
1,408.2,26.37,75.36,14.2,18.39,7,120.071,113.008,57.2103,7063
2,679,27.79,78.74,18.52,18.74,7,68.994,68.994,19.9316,3833
2,1120.4,27.2,81.62,16.53,17.76,7,68.814,68.814,30.584,3823
2,972.4,27.23,81.81,17.77,17.63,7,67.201,67.201,20.5556,3953
2,904.1,27.38,81.26,17.21,18.39,7,68.901,72.954,33.2346,4053
2,1200,26.73,85.22,16.61,16.79,7,72.054,64.048,28.021,4003
2,1140.7,26.97,84.55,15.82,16.73,7,74.341,74.341,26.238,4373
2,1149.8,26.65,84.69,16.34,17.32,7,76.734,72.471,24.7254,4263
2,980.8,27,84.55,17.2,17.24,7,71.088,71.088,35.9883,4443
2,964.7,27.99,81.2,14.44,18.63,7,73.808,73.808,25.3715,4613
2,1070,26.77,85,16.49,17.64,7,92.934,92.934,41.304,5163
2,982.2,26.9,84.48,19.2,17.62,7,84.528,84.528,26.9433,5283
2,1223.1,26.96,85.46,16.37,16.69,7,86.768,86.768,36.3341,5423
2,1115.4,27.38,83.84,14.99,17.88,7,93.381,98.874,27.465,5493
2,730.7,27.98,78.99,16.52,18.82,7,99.054,99.054,44.024,5503
2,851.3,27.97,79.77,15.97,18.17,7,80.801,85.554,25.6662,4753
2,1198.5,26.98,86.06,15.79,16.84,7,95.994,90.661,31.998,5333
2,953.8,27.22,83.26,17.48,17.33,7,90.448,101.754,29.3956,5653
2,984.7,27.66,82.45,17.39,17.93,7,89.808,89.808,39.291,5613
2,994.9,27.84,81.85,13.88,18.4,7,97.461,91.728,37.2645,5733
2,1028.4,27.2,84.34,15.95,17.8,7,88.688,88.688,45.4526,5543
1,64.3,28.95,62.59,12.91,21.84,8,114.354,114.354,40.6592,6353
1,278.4,27.85,71.37,13.01,19.95,8,107.321,107.321,41.0345,6313
1,196.3,27.83,67.96,12.73,20.14,8,108.511,102.128,38.9363,6383
1,151,27.7,68.21,13.24,20.83,8,120.654,107.248,49.6022,6703
1,416.3,26.95,75.4,13.26,18.56,8,104.688,111.231,43.1838,6543
1,279.3,27.65,70.89,13.03,19.67,8,116.161,116.161,45.0978,6833
1,387.7,27,71.79,13,19.03,8,111.888,125.874,53.8461,6993
1,607.6,26.43,76.05,14.44,18.81,8,110.288,124.074,51.6975,6893
1,257.7,27.92,70.17,13.55,19.69,8,120.581,127.674,51.0696,7093
1,563.5,26.43,76.3,12.32,18.02,8,114.608,128.934,53.0062,7163
1,583.2,27.19,74.69,13.18,18.46,8,130.014,130.014,47.6718,7223
1,458.5,27.63,73.58,12.42,18.84,8,113.168,120.241,48.8037,7073
1,401.7,26.65,70.8,13.15,19.53,8,115.568,122.791,36.115,7223
1,320.5,27.27,70.93,13.19,19.45,8,112.688,112.688,58.4569,7043
1,209.8,28.29,69.75,13.64,20.13,8,115.651,122.454,36.0559,6803
1,820.3,26.67,80.11,12.92,17.87,8,96.048,102.051,37.2186,6003
1,550.7,26.83,76.34,12.78,18.23,8,125.874,118.881,37.0629,6993
1,326.8,27.85,72.74,13.67,19.14,8,119.051,119.051,47.6204,7003
1,238.9,27.5,71.97,12.81,19.98,8,123.131,115.888,48.5281,7243
1,409.8,26.95,72.85,13.57,19.12,8,124.491,124.491,50.5287,7323
2,861.3,28.38,75.77,18.57,19.33,8,67.541,71.514,31.3867,3973
2,1102.1,27.96,79.39,16.8,18.55,8,72.054,64.048,22.0165,4003
2,984.8,27.81,79.9,17.75,18.45,8,72.208,81.234,25.2728,4513
2,875.9,28.03,78.75,17.82,18.85,8,84.654,79.951,31.5101,4703
2,1137.4,27.2,83.36,17.01,17.69,8,72.641,68.368,24.7834,4273
2,1164.9,27.43,82.99,15.76,17.53,8,84.654,75.248,24.9259,4703
2,1188.4,27.1,83.38,16.81,18.29,8,87.714,87.714,33.1364,4873
2,1081.4,27.42,83.42,17.37,18.14,8,90.414,90.414,30.6403,5023
2,1109.5,28.24,80.35,14.73,19.3,8,82.928,93.294,35.7627,5183
2,1012.5,27.33,82.9,16.71,18.48,8,99.054,99.054,33.018,5503
2,1035.7,27.39,82.45,19.99,18.45,8,94.231,99.774,42.1268,5543
2,1299.8,27.32,83.97,16.84,17.62,8,89.008,94.571,46.1729,5563
2,1125.9,27.81,81.52,16.11,18.51,8,89.808,101.034,33.1167,5613
2,816.8,28.51,76.52,16.91,19.44,8,102.474,91.088,39.851,5693
2,915.8,28.58,77.87,16.51,18.79,8,98.141,103.914,46.7613,5773
2,1219,27.31,85.05,16.39,17.48,8,100.861,100.861,50.4305,5933
2,1092.3,27.54,81.79,17.57,17.77,8,102.221,96.208,30.065,6013
2,1032.2,28.21,80.04,18.15,18.46,8,96.848,96.848,43.5816,6053
2,1152.4,28.1,81.48,13.81,19.27,8,98.128,110.394,34.9581,6133
2,1150.2,27.57,83.14,16.48,18.32,8,105.111,105.111,33.3882,6183
1,90.4,27.85,65.59,12.34,21.82,9,111.231,111.231,52.344,6543
1,278.4,27.8,71.21,12.77,20.09,9,109.021,102.608,34.6302,6413
1,196.3,27.69,68.71,12.69,20.25,9,104.368,110.891,54.7932,6523
1,151,27.7,67.21,13.2,20.94,9,124.794,117.861,51.3042,6933
1,416.3,26.92,75.46,13.24,18.71,9,109.008,115.821,37.4715,6813
1,279.3,27.51,71.43,12.82,19.75,9,120.921,128.034,50.5023,7113
1,387.7,26.87,72.72,13.24,19.14,9,117.008,131.634,38.7589,7313
1,607.6,26.34,76.7,14.93,18.93,9,128.934,128.934,50.8573,7163
1,257.7,27.78,71.25,13.3,19.85,9,116.848,116.848,51.121,7303
1,563.5,26.41,75.84,12.7,18.12,9,135.234,127.721,57.0988,7513
1,583.2,27.1,75.35,13.44,18.6,9,125.851,118.448,43.6777,7403
1,458.5,27.52,74.99,12.22,18.9,9,132.354,117.648,41.9121,7353
1,401.7,26.52,71.95,13.51,19.68,9,131.631,123.888,57.2982,7743
1,320.5,27.18,71.32,13.18,19.62,9,128.571,128.571,45.378,7563
1,209.8,28.25,70.18,13.45,20.19,9,122.281,122.281,53.2282,7193
1,820.3,26.64,80.04,13.1,17.97,9,112.528,112.528,47.1211,7033
1,550.7,26.75,76.96,12.78,18.35,9,125.001,125.001,47.0592,7353
1,326.8,27.74,73.75,13.38,19.22,9,127.854,120.751,39.0665,7103
1,238.9,27.53,70.8,12.78,20.1,9,129.114,114.768,48.7764,7173
1,409.8,26.9,72.87,13.87,19.22,9,138.474,138.474,60.7747,7693
2,861.3,28.28,77.49,18.5,19.3,9,73.968,78.591,24.9642,4623
2,1102.1,27.92,80.36,17.01,18.67,9,81.954,72.848,33.6922,4553
2,984.8,27.73,81.23,17.89,18.44,9,89.471,89.471,36.3147,5263
2,875.9,27.99,79.7,18.04,18.8,9,84.208,94.734,33.1569,5263
2,1137.4,27.21,83.67,17.14,17.73,9,80.208,80.208,36.0936,5013
2,1164.9,27.42,83.56,15.9,17.53,9,84.208,89.471,29.4728,5263
2,1188.4,27.15,83.58,17.08,18.32,9,99.234,93.721,29.2189,5513
2,1081.4,27.43,83.89,17.74,18.32,9,97.974,92.531,41.9111,5443
2,1109.5,28.13,82.33,14.91,19.38,9,99.774,94.231,29.9322,5543
2,1012.5,27.36,83.02,17,18.63,9,101.394,95.761,34.3613,5633
2,1035.7,27.44,82.49,20.26,18.58,9,96.101,96.101,34.4833,5653
2,1299.8,27.34,84.42,17.11,17.51,9,90.288,101.574,35.5509,5643
2,1125.9,27.72,83.25,16.55,18.6,9,101.574,90.288,32.7294,5643
2,816.8,28.36,78.36,17.32,19.53,9,95.591,95.591,32.6134,5623
2,915.8,28.56,78.75,16.71,18.87,9,89.471,89.471,41.5777,5263
2,1219,27.34,85.14,16.7,17.49,9,93.721,99.234,39.6936,5513
2,1092.3,27.52,82.5,17.7,17.69,9,90.768,102.114,45.9513,5673
2,1032.2,28.18,81.01,18.47,18.52,9,104.094,98.311,43.9508,5783
2,1152.4,28.17,81.2,14.02,19.19,9,93.328,99.161,37.3312,5833
2,1150.2,27.61,83.33,16.73,18.24,9,96.528,108.594,50.0739,6033
3,1482,27.34,81.84,17.49,17.93,9,32.048,34.051,10.4156,2003
3,1884.5,26.94,84.04,16.25,17.09,9,44.761,44.761,19.4842,2633
3,1478.5,26.95,83.35,15.9,17.69,9,49.014,43.568,21.2394,2723
3,1581.1,27.02,84.23,16.57,17.18,9,54.954,51.901,17.4021,3053
3,1660.3,26.85,84.81,16.35,16.97,9,54.791,54.791,24.8171,3223
3,1783.2,26.61,85.09,16.65,16.44,9,42.534,42.534,17.0136,2363
3,1892.6,26.59,85.36,16.86,16.72,9,65.161,61.328,25.6811,3833
3,1459.3,26.96,84.03,17.56,16.63,9,60.048,63.801,29.2734,3753
3,1997.7,27.16,84.98,14.86,17.23,9,73.321,69.008,32.7788,4313
3,1653.8,27.01,84.18,17.24,17.41,9,73.321,77.634,30.6223,4313
3,1593.5,26.94,84.53,18.05,16.97,9,80.528,80.528,40.7673,5033
3,1790.9,26.8,85.31,16.47,16.5,9,91.314,81.168,32.9745,5073
3,1651.8,27.19,84.56,15.68,17.45,9,76.208,80.971,36.6751,4763
3,1490.9,27.62,82.37,16.25,17.99,9,65.214,61.591,27.1725,3623
3,1851.6,27.34,84.56,16.12,16.26,9,68.391,68.391,24.9426,4023
3,1822.6,26.99,85.98,15.86,16.3,9,55.088,61.974,19.6251,3443
3,1760.8,26.98,84.89,16.42,16.75,9,51.051,54.054,18.9189,3003
3,1612.2,27.34,83.47,16.8,17.36,9,63.408,71.334,32.8929,3963
3,1811.1,27.39,83.78,14.36,17.24,9,71.961,76.194,31.3242,4233
3,1617.3,27.12,85.44,16.27,16.23,9,73.008,77.571,23.7276,4563
1,27.6,27.67,66.35,15.2,21.93,10,98.128,110.394,34.9581,6133
1,277.2,27.2,75.16,14.04,19.69,10,93.968,99.841,45.8094,5873
1,166.6,27.07,72.89,13.45,19.84,10,102.051,102.051,30.015,6003
1,89.4,27.24,71.16,14.22,20.68,10,104.771,98.608,31.4313,6163
1,522.3,26.52,78.55,13.04,18.23,10,107.694,107.694,46.0691,5983
1,298.7,27,75.47,13.49,19.43,10,114.714,108.341,51.6213,6373
1,388.7,26.64,75.01,12.93,18.9,10,113.441,120.114,49.3802,6673
1,532.1,26.21,79.64,12.9,18.24,10,110.041,103.568,44.0164,6473
1,201.4,27.42,73.48,14.59,19.65,10,105.008,105.008,45.941,6563
1,723.2,26.04,80.46,11.73,17.72,10,120.114,106.768,34.6996,6673
1,530.9,26.69,78.89,12.8,18.2,10,125.694,118.711,59.3555,6983
1,349.8,27.43,75.35,13.59,18.69,10,117.351,124.254,37.2762,6903
1,262.6,26.45,74.7,12.61,19.3,10,129.654,122.451,56.9037,7203
1,266.6,26.78,74.67,13.64,19.45,10,115.248,129.654,56.1834,7203
1,226.6,27.76,72.9,14.36,20.15,10,108.528,108.528,52.2291,6783
1,751.6,26.53,81.68,12.74,17.74,10,111.741,105.168,48.6402,6573
1,448.4,26.71,77.99,12.86,18.12,10,134.334,119.408,47.7632,7463
1,403.8,27.42,75.45,14.92,19.06,10,129.474,115.088,40.2808,7193
1,182.2,27.23,73.46,13.77,19.74,10,116.874,116.874,37.0101,6493
1,282.2,26.64,75.77,13,18.78,10,120.921,113.808,58.3266,7113
2,1308.8,28.04,78.1,18.06,19.23,10,75.474,75.474,28.0931,4193
2,1854.7,27.37,82.89,16.13,18.35,10,73.831,69.488,34.744,4343
2,1444.8,27.41,82.59,17.25,18.35,10,78.081,78.081,39.0405,4593
2,1495.2,27.54,81.79,16.86,18.87,10,79.441,74.768,29.9072,4673
2,1618.9,26.87,85.5,16.28,17.49,10,69.648,78.354,30.9063,4353
2,1750,27.08,85.06,15.08,17.35,10,85.554,80.801,34.6969,4753
2,1631.9,26.82,85.18,15.89,18.11,10,80.631,75.888,36.9954,4743
2,1538.8,27.15,85.3,16.16,17.71,10,80.291,85.014,33.061,4723
2,1893.9,28.09,81.51,14.24,19.08,10,82.161,77.328,29.4813,4833
2,1716.1,26.9,85.6,15.63,18.2,10,88.794,83.861,41.9305,4933
2,1622.2,27.06,84.7,18.66,18.26,10,80.368,85.391,25.6173,5023
2,1618.4,27.14,85.63,16,17.49,10,87.261,82.128,29.7714,5133
2,1536,27.54,83.9,14.94,18.31,10,95.634,95.634,43.5666,5313
2,1456.3,28.16,78.9,15.79,19.37,10,91.341,85.968,42.4467,5373
2,1754.6,28.12,80.67,15.82,18.68,10,86.768,86.768,29.2842,5423
2,1662.6,27.13,86.2,15.43,17.55,10,100.674,100.674,44.744,5593
2,1741,27.36,83.06,17.11,17.67,10,95.081,95.081,46.9812,5593
2,1392.5,27.83,82.46,17.32,18.28,10,88.048,93.551,38.521,5503
2,1474,27.89,82.59,13.28,19.13,10,87.248,87.248,38.171,5453
2,1852.2,27.36,84.51,15.69,18.45,10,105.354,93.648,36.2886,5853
